UID,Name,Brand,Price,Rating,URL,0,1,2,UID,Brand,SKU,Protection,Year,Number Of Cameras,Warranty Policy EN
1.0,Samsung A14 4GB/64GB - 5000 mAh Battery - 6.6' Display - Android 13,Samsung,34999,4.4,https://www.daraz.pk/products/samsung-a14-4gb64gb-5000-mah-battery-66-display-android-13-i436839264-s2101404094.html?search=1,"{'UID': 1, 'Review_ID': 1, 'Name': 'Muhammad B.', 'Rating': 5, 'Text': ""Unbelievable! phone is 100 percent original and value for money, don't know how seller managed to offer the phone in such a cheap price, moreover its officially PTA approved. seller deserves 10 stars""}","{'UID': 1, 'Review_ID': 2, 'Name': 'Musadique S.', 'Rating': 5, 'Text': 'Genuine samsung mobile, well packed, pta approved. I like it. Very beautiful mobile and hope it will be long lasting experience. #11.11'}","{'UID': 1, 'Review_ID': 3, 'Name': 'S***.', 'Rating': 5, 'Text': '#11.11 Mobile without mobile warranty card, charger but seems good, packing was not good delivery is pathatic'}",1.0,No Brand,436839264_PK-2101404094,Not Specified,2020,Not Specified,
2.0,N/A,N/A,0,0.0,https://www.daraz.pk/products/redmi-note-12-8-gb-ram-128gb-rom-pta-approved-mobile-phone-with-1-year-brand-warranty-i429185340-s2040915791.html?search=1,"{'UID': 1, 'Review_ID': 4, 'Name': 'Musadique S.', 'Rating': 5, 'Text': 'Genuine samsung mobile, well packed, pta approved. I like it. Very beautiful mobile and hope it will be long lasting experience. #11.11'}","{'UID': 1, 'Review_ID': 5, 'Name': 'S***.', 'Rating': 5, 'Text': '#11.11 Mobile without mobile warranty card, charger but seems good, packing was not good delivery is pathatic'}","{'UID': 1, 'Review_ID': 6, 'Name': '0***4', 'Rating': 5, 'Text': 'Bought 3 phones and all are new, sealed pack, non active and PTA Approved. No warranty card but Daraz official warranty claimed by seller. #1111'}",2.0,,,,,,
3.0,Infinix Note 30 Pro 8-256 GB PTA Approved With Official 1 Year Warranty,Infinix,64499,4.7,https://www.daraz.pk/products/infinix-note-30-pro-8-256-gb-pta-approved-with-official-1-year-warranty-i436821010-s2101334479.html?search=1,"{'UID': 3, 'Review_ID': 1, 'Name': 'Snake E.', 'Rating': 5, 'Text': 'I got what was shown, but I want to tell about the seller that my chat was not responded even after a couple of days, so please make your availability there so that the customer can place the order with full sitesify. Because the amount matters But my goal was to buy the product from there, so I took what I have and it is ğŸ’¯ %authentic, and the warranty has not started yet, But the handsfree did not come out of the box, maybe not provided by the company. So the Overall experience was great and the seller is highly recommended. Thanks Daraz & Seller.ğŸ¥°'}","{'UID': 3, 'Review_ID': 2, 'Name': 'israr A.', 'Rating': 5, 'Text': 'Great Experience as usual and I have purchased many mobiles from DARAZ but this time get maximum discount in 11/11 Sales on Note 30 pro'}","{'UID': 3, 'Review_ID': 3, 'Name': 'basit 7.', 'Rating': 4, 'Text': 'Asalam o alikum so nice Mob bht acha hai ğŸ‘Œsame as show iâ€™m satisfied to daraz thanks daraz and delivery time also good'}",3.0,No Brand,436821010_PK-2101334479,Not Specified,Not Specified,Not Specified,
4.0,Redmi A2+ - 3GB/64GB - Mediatek Helio G36 - Android 12- 5000 mAh Battery,Redmi,19399,4.7,https://www.daraz.pk/products/redmi-a2-3gb64gb-mediatek-helio-g36-android-12-5000-mah-battery-i430451931-s2051820850.html?search=1,"{'UID': 3, 'Review_ID': 4, 'Name': 'Usama S.', 'Rating': 5, 'Text': 'Acha mobile hai and same cheez delivered ki hai with fast delivery service, satisfied with daraz and seller, i bought many mobiles from daraz aj tak koi b mobile kharab nhe nikla, thanks daraz for maintenance of trust with customers. love from Rawalpindi'}","{'UID': 3, 'Review_ID': 5, 'Name': 'Amir B.', 'Rating': 5, 'Text': 'Allahamdolilah receivedğŸ“© mobile is original and new as mentioned recommended for buying. same thing which is ordered rather late delivered'}","{'UID': 3, 'Review_ID': 6, 'Name': 'Mrs A.', 'Rating': 5, 'Text': 'Nice Mobile at this price with special specs. Delivered late but overall services by daraz are good.. Thanks'}",4.0,Xiaomi,430451931_PK-2051820850,Not Specified,Not Specified,2,
5.0,Realme Narzo 50A Prime (4GB-128GB) PTA Approved With Official 1 Year Warranty,Realme,32999,4.2,https://www.daraz.pk/products/realme-narzo-50a-prime-4gb-128gb-pta-approved-with-official-1-year-warranty-i436801398-s2101274809.html?search=1,"{'UID': 4, 'Review_ID': 1, 'Name': '3***8', 'Rating': 5, 'Text': 'Alhamdulillah same recieved as shown in picture. Same specifications A1 condition and fast delivery. Thanks Daraz. i recmond it and i order one more.'}","{'UID': 4, 'Review_ID': 2, 'Name': '3***1', 'Rating': 4, 'Text': 'achhi packing but charging adapter was normal no handsfree no protector no mobile cover baqi use kr ke pta chalay ga dekhnay nice hai'}","{'UID': 4, 'Review_ID': 3, 'Name': 'Haseeb A.', 'Rating': 3, 'Text': 'mobile is just go0d. average in use.. bettery timing is go0d.. camera is just average. overall ghar use k lia thek hai jaha bs call waghaira k lia instmal hota ho'}",5.0,No Brand,436801398_PK-2101274809,Not Specified,Not Specified,Not Specified,
6.0,Redmi note 12 8GB RAM -128GB ROM PTA APPROVED OFFICIAL WARRANTY SUPER FAST CHARGING,Redmi,50499,3.3,https://www.daraz.pk/products/redmi-note-12-8gb-ram-128gb-rom-pta-approved-official-warranty-super-fast-charging-i421521093-s1991845039.html?search=1,"{'UID': 4, 'Review_ID': 4, 'Name': 'Amjad H.', 'Rating': 5, 'Text': ""I upgraded my stand by phone from A1+ to A2+. I received this phone in great packaging. Delivery was fast. Phone seems a little better than A1+. I wish it would have Type C charging. I'm surprised to see the camera quality, display and battery timing of this phone. A perfect phone in this range with very few compromises. Highly recommended.""}","{'UID': 4, 'Review_ID': 5, 'Name': 'Umer S.', 'Rating': 5, 'Text': 'Assalamu Alaikum, Thank God & Thanks Daraz Team & Wander/seller (XIAOMI). Good Packing & Short Delivery time. Original Product 100%. Recommended. Khushe hai ke AAZADI SALE mai itny Best Price main Redmi A2+ Offer kiya gya, Thanks Daraz app.'}","{'UID': 4, 'Review_ID': 6, 'Name': 'Malik S.', 'Rating': 5, 'Text': 'I recently ordered a phone , and I must say it was a convenient experience. The website had a user-friendly interface, making it easy to browse and compare options. Placing the order was straightforward, and they provided clear shipping information. The phone arrived in good condition and on time. Overall, a hassle-free online phone shopping experience.'}",6.0,Redmi,421521093_PK-1991845039,Not Specified,Not Specified,3,
7.0,"Infinix Note 30 8GB/128GB - Android 13 - 6.78"" Display - 5000 mAh Battery",Infinix,43499,4.3,https://www.daraz.pk/products/infinix-note-30-8gb128gb-android-13-678-display-5000-mah-battery-i436820987-s2101357944.html?search=1,"{'UID': 5, 'Review_ID': 1, 'Name': 'Habib R.', 'Rating': 5, 'Text': '#11.11 PTA approved device received safely. Mobile battery was low and required charging before getting on.'}","{'UID': 5, 'Review_ID': 2, 'Name': 'ChefMisbah', 'Rating': 5, 'Text': 'everything is perfect colour b same aya..ğŸ˜‡ I am so happy thanks Daraz ..â¤ highly recommended... ğŸ‘ŒğŸ‘'}","{'UID': 5, 'Review_ID': 3, 'Name': 'junaid K.', 'Rating': 5, 'Text': '#11.11 sale main good mobile mil gaya hy market sy bhi sasta same as shown in the picture ğŸ˜º reviews dekh ky tu dar gaya tha but â¤ï¸ genuine product hy pin pack pta approved and non active'}",7.0,No Brand,436820987_PK-2101357944,Not Specified,2020,Not Specified,
8.0,Tecno SPARK 10 PRO 8GB RAM - 256GB ROM PTA APPROVED OFFICIAL BRAND WARRANTY,Tecno,38450,4.6,https://www.daraz.pk/products/tecno-spark-10-pro-8gb-ram-256gb-rom-pta-approved-official-brand-warranty-i436994487-s2101829511.html?search=1,"{'UID': 5, 'Review_ID': 4, 'Name': 'Shakir', 'Rating': 5, 'Text': ""I get the mobile its pta approved but made of Vietnam also its doesn't have charger that's the negative point , get the mobile on discounted rate in #11.11 . hopefully it will work for a long time ğŸ˜ƒ""}","{'UID': 5, 'Review_ID': 5, 'Name': 'zeeshan K.', 'Rating': 5, 'Text': ""phone was brand new, box packed, came in secure packaging,can't see the PTA sticker,, but seller said it is approved,, so i believe seller wordsğŸ˜Š.""}","{'UID': 5, 'Review_ID': 6, 'Name': 'Tariq A.', 'Rating': 5, 'Text': 'Got this in just Rs.26419 while market price is still Rs.30000. Thanks to Daraz 11.11 Exactly same as described. delivered in just 2 days. its my 4th cell phone purchase from Daraz. Amazing experience as always'}",8.0,Tecno,436994487_PK-2101829511,Not Specified,Not Specified,3,ONE YEAR OFFICIAL BRAND WARRANTY
9.0,"SPARX NEO 7 ULTRA 6+128GB || 6.7"" DISPLAY || 5000mAh BATTERY || OCTA CORE PROCESSOR || FAST CHARGING || PTA APPROVED || ONE YEAR BRAND WARRANTY",SPARX,30499,4.4,https://www.daraz.pk/products/sparx-neo-7-ultra-6128gb-67-display-5000mah-battery-octa-core-processor-fast-charging-pta-approved-one-year-brand-warranty-i423781498-s2073410404.html?search=1,"{'UID': 6, 'Review_ID': 1, 'Name': 'Asif B.', 'Rating': 1, 'Text': 'phone is damaged from edges, pictures uploaded'}","{'UID': 6, 'Review_ID': 2, 'Name': 'M F.', 'Rating': 5, 'Text': 'Same As Described original product found in reasonable price than Market'}","{'UID': 6, 'Review_ID': 3, 'Name': 'Bilal B.', 'Rating': 1, 'Text': 'Seller is fraud. He is sending Redmi 12C instead of Redmi Note 12. DARAZ.PK should take action on this. In last 1 week multiple reviews came from buyers as they have received wrong product. Fortunately i have recorded video while opening my parcel. I have attached video evidence. I hope Daraz.pk will take immediate action and compensate the buyers on priority. I will never order from this store again.'}",9.0,No Brand,423781498_PK-2073410404,Not Specified,Not Specified,2,Change of mind is not applicable
10.0,vivo Y17s - 6GB RAM - 128GB ROM - 5000mAh Battery - 50+2 MP Camera - Helio G85 Processor,vivo,44999,4.8,https://www.daraz.pk/products/vivo-y17s-6gb-ram-128gb-rom-5000mah-battery-502-mp-camera-helio-g85-processor-i434216463-s2082615909.html?search=1,"{'UID': 6, 'Review_ID': 4, 'Name': 'Mirza M.', 'Rating': 5, 'Text': 'Genuine product as shown. Most reasonable price on Daraz even any mobile market.'}","{'UID': 6, 'Review_ID': 5, 'Name': 'Saif U.', 'Rating': 5, 'Text': '#11.11 Good and Pin Packed Mobile Thanks seller and daraz No any Fault'}","{'UID': 6, 'Review_ID': 6, 'Name': '3***6', 'Rating': 5, 'Text': '#11.11 Ordered grey colour but received green. Green is also a very good colour. Product is very good. The price is also very reasonable as compared to the market.'}",10.0,Vivo,434216463_PK-2082615909,Not Specified,Not Specified,3,
11.0,Samsung Galaxy A14 6GB+128GB,Samsung,54999,4.3,https://www.daraz.pk/products/samsung-galaxy-a14-6gb128gb-i422210787-s1998035735.html?search=1,"{'UID': 7, 'Review_ID': 1, 'Name': 'abdul S.', 'Rating': 5, 'Text': 'Ù¾Ù† Ù¾ÛŒÚ© ÙÙˆÙ† ÛÛ’Û” Ø¬Ùˆ Ù„ÙˆÚ¯ Ú©ÛØªÛ’ ÛÛŒÚº Ú©Û ÚˆØ¨Û’ Ù…ÛŒÚº Ú©Ú†Ú¾ Ú†ÛŒØ²ÛŒÚº Ú©Ù… ÛÛŒÚº Û” ØªÙˆ Ø´Ø§Ø¦Ø¯ Ø§Ø³ Ú©ÛŒ ÙˆØ¬Û ÛŒÛ ÛÛ’ Ú©Û ÛŒÛ Ù…Ø§ÚˆÙ„ Ú†Ø§Ø¦Ù†Û Ø§Ø³Ù…Ø¨Ù„ ÛÛ’ Û” Ø¨Ø§Ù‚ÛŒ Ø§Ù„Ù„Û Ø¨ÛØªØ± Ø¬Ø§Ù†ØªØ§ ÛÛ’Û”'}","{'UID': 7, 'Review_ID': 2, 'Name': 'Iqbal S.', 'Rating': 5, 'Text': ""It's 128 gb variant not available in Pakistan but the seller has amazingly provided it. The product is genuine, received well packed and timely deievered. Thanks to seller and daraz...""}","{'UID': 7, 'Review_ID': 3, 'Name': '3***2', 'Rating': 5, 'Text': '#11.11 To cut the long story short: all is well and of fine quality.... really satisfied with each and every single thing.. #11.11'}",11.0,Samsung,422210787_PK-1998035735,Not Specified,Not Specified,Not Specified,
12.0,"Redmi 12C - 6.71"" Inch Display - 4GB RAM",Redmi,25990,4.5,https://www.daraz.pk/products/redmi-12c-671-inch-display-4gb-ram-i425222112-s2014006595.html?search=1,"{'UID': 7, 'Review_ID': 4, 'Name': 'Iqbal S.', 'Rating': 5, 'Text': ""It's 128 gb variant not available in Pakistan but the seller has amazingly provided it. The product is genuine, received well packed and timely deievered. Thanks to seller and daraz...""}","{'UID': 7, 'Review_ID': 5, 'Name': 'Nizam U.', 'Rating': 5, 'Text': 'mobile is pta aproved. moible is very good. this mobile was only available on daraz. in market it is not available .the crated goes to daraz. i bought it on 38919 rupess. 8 128 i hope it is a good price'}","{'UID': 7, 'Review_ID': 6, 'Name': '3***2', 'Rating': 5, 'Text': '#11.11 To cut the long story short: all is well and of fine quality.... really satisfied with each and every single thing.. #11.11'}",12.0,No Brand,425222112_PK-2014006595,Not Specified,Not Specified,3,
13.0,Redmi A2+ || 3GB Ram 64GB Rom || 5000mAh Battery Xiaomi Redmi A2 Plus,Redmi,19999,4.7,https://www.daraz.pk/products/a2-3gb-64gb-5000mah-i430324944-s2050666136.html?search=1,"{'UID': 8, 'Review_ID': 1, 'Name': 'Muhammad Z.', 'Rating': 5, 'Text': 'Excellent ğŸ‘ Pin pack device with mega discount in #11.11 #11.11 seller is honest Daraz has become a life patner. Thanks Daraz. Thanks Tecno Pakistan.'}","{'UID': 8, 'Review_ID': 2, 'Name': 'A***.', 'Rating': 5, 'Text': 'Mobil is little bit slow, camera result average. Seller is not cooperating but product received is well packed and as per mentioned specifications'}","{'UID': 8, 'Review_ID': 3, 'Name': 'aamir B.', 'Rating': 5, 'Text': 'Tecno Spark 10 Pro ğŸ’¯% original mobile, PTA approved, sealed pack, box pack, with all accessories. thank and love u daraz and seller ğŸ¥°ğŸŒ¹ğŸ‘'}",13.0,No Brand,430324944_PK-2050666136,Corning Gorilla Glass 1,2020,2,
14.0,Samsung Galaxy A24 8GB+128GB,Samsung,72999,4.6,https://www.daraz.pk/products/samsung-galaxy-a24-8gb128gb-i427414634-s2030038838.html?search=1,"{'UID': 8, 'Review_ID': 4, 'Name': 'A***.', 'Rating': 5, 'Text': 'Mobil is little bit slow, camera result average. Seller is not cooperating but product received is well packed and as per mentioned specifications'}","{'UID': 8, 'Review_ID': 5, 'Name': '3***1', 'Rating': 5, 'Text': 'at least i recieved my phone its awesome phone features also best, camera ğŸ’¯ , battery life too good, smart and weight less phone ğŸ’¯ recommended'}","{'UID': 8, 'Review_ID': 6, 'Name': 'Tabraiz A.', 'Rating': 5, 'Text': 'After using for few days i found this phone very recommended under such price'}",14.0,Samsung,427414634_PK-2030038838,Not Specified,Not Specified,Not Specified,
15.0,"Infinix Hot 30 , 8GB RAM 128GB ROM , 50MP Main Camera , Fingerprint , 5000mAh Battery",Infinix,36999,4.9,https://www.daraz.pk/products/30-8gb-128gb-50mp-5000mah-i432054677-s2064260237.html?search=1,"{'UID': 9, 'Review_ID': 1, 'Name': 'Mohammad N.', 'Rating': 5, 'Text': 'very very beautiful mobile ..i very happy.. price b okk.thanks daraz and seller ..thanku'}","{'UID': 9, 'Review_ID': 2, 'Name': 'Yasir M.', 'Rating': 5, 'Text': 'Awesome mobile recieved on time very fast processor lovely color seller are very cooperative totally satisfied ğŸ‘ŒğŸ‘'}","{'UID': 9, 'Review_ID': 3, 'Name': 'Shahid B.', 'Rating': 5, 'Text': 'thank you Daraz. kam price m achi chiz. saller bht acha h. mobile bht acha h. jaisa dikha waisa paya'}",15.0,No Brand,432054677_PK-2064260237,Not Specified,Not Specified,3,
16.0,Samsung Galaxy A04 4GB+64GB,Samsung,42999,4.6,https://www.daraz.pk/products/samsung-galaxy-a04-4gb64gb-i421205430-s1988618927.html?search=1,"{'UID': 9, 'Review_ID': 4, 'Name': 'Mohammad N.', 'Rating': 5, 'Text': 'very very beautiful mobile ..i very happy.. price b okk.thanks daraz and seller ..thanku'}","{'UID': 9, 'Review_ID': 5, 'Name': 'faisal I.', 'Rating': 5, 'Text': ""it's fantastic very beautiful mobile and seller is very honest""}","{'UID': 9, 'Review_ID': 6, 'Name': 'Tayyab A.', 'Rating': 5, 'Text': 'mara purana phone ka camera ka result harab ha lakin jasi cheez dikhi wasi hi mili jasi products dikhayi wasi hi ayi NYC bro Thanks Daraz and seller'}",16.0,Samsung,421205430_PK-1988618927,Not Specified,Not Specified,Not Specified,1 year
17.0,Xiaomi Redmi Note 12 || 8GB Ram 128GB Rom || 5000mAh Battery 33W Fast Charger,Xiaomi,50399,4.8,https://www.daraz.pk/products/12-8gb-128gb-5000mah-33-i421379488-s1989920618.html?search=1,"{'UID': 10, 'Review_ID': 1, 'Name': 'Hamza', 'Rating': 5, 'Text': 'original set and PTA approved set hai. boht hi aala mobile hai, mat forest green color hai. actual price of mobile was Rs.45000 but I ordered during daraz #11.11 sale and I got in Rs.42000 by availing two discount vouchers. daraz ny mobile buy karny ki bhi tension dur kar di hai, ghar bethy original mobile wo bhi market sey low price mein. Thanks daraz.pk'}","{'UID': 10, 'Review_ID': 2, 'Name': 'Raza A.', 'Rating': 5, 'Text': '#11.11 jitni tareef kru utni kam hy mashallah AJ tak ka sab se behtareen or aala qism ka mobile hy Meri review hy 10/10 mashallah so happy ğŸ˜ŠğŸ˜Š'}","{'UID': 10, 'Review_ID': 3, 'Name': 'Barkat A.', 'Rating': 4, 'Text': 'Product quality is amazing and reached safe at doorstep. Seller is really cooperative and friendly in communication. Recieved product as it is reflected on Daraz. Original product. 100% Gebuin. However, around Rs.2000 costly than physical market. Prices should be aligned to the market rate to eradicate price manipulation. Overall, satisfied with product quality but not satisfied with delivery and product price.'}",17.0,No Brand,421379488_PK-1989920618,Corning Gorilla Glass 1,2020,2,
18.0,Sparx neo 7 ultra 8GB RAM 128GB ROM || 50 MP dual camera || 5000mAh battery || PTA approved || 1 year brand warranty,Sparx,32999,4.3,https://www.daraz.pk/products/sparx-neo-7-ultra-8gb-ram-128gb-rom-50-mp-dual-camera-5000mah-battery-pta-approved-1-year-brand-warranty-i432785193-s2114126786.html?search=1,"{'UID': 10, 'Review_ID': 4, 'Name': 'Qaisar C.', 'Rating': 5, 'Text': 'delivery little bit late, but all ok pta approved 1 year warranty non active phone'}","{'UID': 10, 'Review_ID': 5, 'Name': 'Muhammad A.', 'Rating': 5, 'Text': ""I'm not happy with such a phatic service by daraz. if you can't bear workload don't put silly ideas like 11.11""}","{'UID': 10, 'Review_ID': 6, 'Name': 'Mqasim L.', 'Rating': 5, 'Text': '#11.11 original mobile and also reasonable price thank daraz and seller'}",18.0,No Brand,432785193_PK-2114126786,Not Specified,Not Specified,2,change of mind is not applicable
19.0,itel A60s 4GB RAM* +128GB ROM 6.6â€³ HD+ Display 5000mAh Battery PTA approved Official Brand Warranty,itel,22399,4.7,https://www.daraz.pk/products/itel-a60s-4gb-ram-128gb-rom-66-hd-display-5000mah-battery-pta-approved-official-brand-warranty-i432849791-s2069109931.html?search=1,"{'UID': 11, 'Review_ID': 1, 'Name': 'faheem', 'Rating': 5, 'Text': 'very fast delivery and origional sealed pack mobile I am satisfied'}","{'UID': 11, 'Review_ID': 2, 'Name': 'Khurram J.', 'Rating': 5, 'Text': 'Ø³Ø§Ù… Ø³Ù†Ú¯ 2023 Ú©ÛŒ Ø¨ÛØªØ±ÛŒÙ† Ù¾Ø±ÙˆÚˆÚ©Ù¹ ÛÛ’ Ø¨ÛØªØ±ÛŒÙ† ÚˆØ³Ú©Ø§Ø¤Ù†Ù¹ Ø´Ú©Ø±ÛŒÛ'}","{'UID': 11, 'Review_ID': 3, 'Name': 'Malik S.', 'Rating': 1, 'Text': 'not recommended, not a good set, camera not good,touch very poor, performance also poor, charger not included in box. be careful'}",19.0,itel,432849791_PK-2069109931,Not Specified,Not Specified,2,ONE YEAR OFFICIAL BRAND WARRANTY
20.0,"Itel S23 - 6.6"" Inch Display - 8GB + 8GB RAM - 128GB / 256GB ROM",Itel,27999,4.5,https://www.daraz.pk/products/itel-s23-66-inch-display-8gb-8gb-ram-128gb-256gb-rom-i427991771-s2034404169.html?search=1,"{'UID': 11, 'Review_ID': 4, 'Name': 'Malik R.', 'Rating': 5, 'Text': 'Allhamdullilah ğŸ¥° Very Good mobile recieved on time good features but only concern is warranty because seller is not properly guiding about that'}","{'UID': 11, 'Review_ID': 5, 'Name': 'Khurram J.', 'Rating': 5, 'Text': 'Ø³Ø§Ù… Ø³Ù†Ú¯ 2023 Ú©ÛŒ Ø¨ÛØªØ±ÛŒÙ† Ù¾Ø±ÙˆÚˆÚ©Ù¹ ÛÛ’ Ø¨ÛØªØ±ÛŒÙ† ÚˆØ³Ú©Ø§Ø¤Ù†Ù¹ Ø´Ú©Ø±ÛŒÛ'}","{'UID': 11, 'Review_ID': 6, 'Name': 'V***.', 'Rating': 5, 'Text': 'Very nice mobile with fast delivery by daraz'}",20.0,No Brand,427991771_PK-2034404169,Not Specified,Not Specified,3,
21.0,Samsung Galaxy A04 4GB - 64GB OFFICIAL PTA APPROVED OFFICIAL WARRANTY,Samsung,29999,4.5,https://www.daraz.pk/products/samsung-galaxy-a04-4gb-64gb-official-pta-approved-official-warranty-i438355041-s2122292352.html?search=1,"{'UID': 12, 'Review_ID': 1, 'Name': 'Asim A.', 'Rating': 1, 'Text': 'Mobile was repacked there was no company seal when i confirmed from MI service center they confirm that mobile was Repacked and was Activated 11 days before purchasing date and this shop owner have Assured me and other customers that mobile is not repacked and you will activate for the first time they lied and they are selling the product at increased price from official price but we have comprised on price that they will give us seal pack product but they scammed us and given us a repacked product which was activated before Purchasing.'}","{'UID': 12, 'Review_ID': 2, 'Name': 'Faisal K.', 'Rating': 5, 'Text': 'Nice mobile delivery in time thanks for seller'}","{'UID': 12, 'Review_ID': 3, 'Name': '3***6', 'Rating': 5, 'Text': 'thank you draz and thank you seller bohat Acha mobile Hy or same colour Jo order Kia tha bohat Acha seller Hy over all very nice and good experience'}",21.0,No Brand,438355041_PK-2122292352,Not Specified,Not Specified,3,
,,,,,,"{'UID': 12, 'Review_ID': 4, 'Name': 'Asif M.', 'Rating': 5, 'Text': 'delivered phone same as shown in picture'}","{'UID': 12, 'Review_ID': 5, 'Name': 'Namaloom F.', 'Rating': 5, 'Text': 'product delivered with in the time period given. thanks daraz and seller for keeping our trust.'}","{'UID': 12, 'Review_ID': 6, 'Name': 'Arslan A.', 'Rating': 5, 'Text': 'First experience for buying mobile phone from Daraz, good Mobile Phone with reasonable price, Seller is very cooperative. Recommended Seller ğŸ‘'}",,,,,,,
,,,,,,"{'UID': 13, 'Review_ID': 1, 'Name': 'Nasir', 'Rating': 5, 'Text': ""Original Product, Packing for logistics was excellent. Delivered on first promised day( took 4 days to deliver a standard time. price slight higher than company declared price and market price but it's ok in case of 0%installments""}","{'UID': 13, 'Review_ID': 2, 'Name': '3***1', 'Rating': 5, 'Text': 'Thanks to the seller for the phone the same as I ordered, the same color keeps your trust to people but guarantee card is Missing I ordered one more same mobile with an other number'}","{'UID': 13, 'Review_ID': 3, 'Name': 'Atif S.', 'Rating': 5, 'Text': 'received my package today good looking mobile in this price tag.'}",,,,,,,
,,,,,,"{'UID': 13, 'Review_ID': 4, 'Name': 'Abdul R.', 'Rating': 5, 'Text': 'Received just in one day, Looks good. ğŸ‘'}","{'UID': 13, 'Review_ID': 5, 'Name': 'Aliyan M.', 'Rating': 5, 'Text': 'very nice and good mobile in this price range and its my first experience very good experience'}","{'UID': 13, 'Review_ID': 6, 'Name': 'Muhammad H.', 'Rating': 5, 'Text': 'Honest Seller, the product was same as shown. delivery little bit late but the seller 100% Recommend.'}",,,,,,,
,,,,,,"{'UID': 14, 'Review_ID': 1, 'Name': 'Muhammad K.', 'Rating': 5, 'Text': 'It was an absolutely amazing experience. ordered on the 17th-October night and got it around 01-pm afternoon on 18th-October in less than 12 hours. As far as the product is concerned, Samsung is always a great experience as I have been a user of it since the beginning of the Android era back in 2010. Thanks, Daraz and seller, for extreme level service. Daraz is a highly recommended e-commerce platform of Pakistan from 2016 to till date, never disappointed me with services.'}","{'UID': 14, 'Review_ID': 2, 'Name': 'Umar', 'Rating': 5, 'Text': 'Perfect packing timely delivery original product 100% Authentic excellent experience Highly recommended for those who afraid to buy costly items online . thanx seller n Daraz.'}","{'UID': 14, 'Review_ID': 3, 'Name': 'khan K.', 'Rating': 5, 'Text': 'Excellent ğŸ‘Œ'}",,,,,,,
,,,,,,"{'UID': 14, 'Review_ID': 4, 'Name': 'Amdad S.', 'Rating': 5, 'Text': 'Genuine Product â¤ï¸â¤ï¸â¤ï¸ Thanks Seller ğŸ˜ŠğŸ¤©ğŸ¤© Thanks Daraz ğŸ‘ğŸ‘'}","{'UID': 14, 'Review_ID': 5, 'Name': '3***8', 'Rating': 5, 'Text': 'Awesome mobile excellent service by'}","{'UID': 14, 'Review_ID': 6, 'Name': 'Muhammad A.', 'Rating': 5, 'Text': 'Ù…Ø§Ø´Ø§Ø¡Ø§Ù„Ù„Û Ø¬Ø³ Ø±Ù†Ú¯ Ù…ÛŒÚº Ø¢Ø±ÚˆØ± Ú©ÛŒØ§ ØªÚ¾Ø§ ÙˆÛÛŒ Ù…Ù„Ø§ ÛÛ’ Ø§ÙˆØ± Ù…ÙˆØ¨Ø§Ø¦Ù„ ÚˆØ¨Û Ù¾ÛŒÚ© ØªÚ¾Ø§ Ø¬Ùˆ Ø§Ù¾Ù†Û’ ÛØ§ØªÚ¾ Ø³Û’ Ú©Ú¾ÙˆÙ„Ø§ Ø§ÙˆØ± Ø¢Ø¬ Ø³Û’ ÛÛŒ ÙˆØ§Ø±Ù†Ù¹ÛŒ Ø´Ø±ÙˆØ¹ ÛÙˆØ¦ÛŒØŒ ÚˆÛŒÙ„ÛŒÙˆØ± Ø¨Ú¾ÛŒ ÙˆÙ‚Øª Ø³Û’ Ù¾ÛÙ„Û’ ÛÙˆØ§Û”Ø´Ú©Ø±ÛŒÛ Ø³ÛŒÙ„Ø±'}",,,,,,,
,,,,,,"{'UID': 15, 'Review_ID': 1, 'Name': 'Abdul S.', 'Rating': 5, 'Text': '1 . Look & Design: Phone is awesome in look very beautiful design. Feels like premium flagship 2. Performance : Satisfactory 3. Battery : Awesome 4. Front Camera Average 5. Back Camera : Good but not excellent 6. Over all : Value for money. Recommended this item.'}","{'UID': 15, 'Review_ID': 2, 'Name': '3***8', 'Rating': 5, 'Text': 'Ø¨ÛØª ÛÛŒ Ø§Ú†Ú¾Ø§ Ù…ÙˆØ¨Ø§Ø¦Ù„ ÛÛ’ Ø§ÙˆØ± Ø¨ÛØª Ù¾ÛŒØ§Ø±ÛŒ Ù¾ÛŒÚ©Ù†Ú¯ ÛÛ’ Ø¨ÛŒØ³Ù¹ Ú©ÙˆØ§Ù„Ù¹ÛŒ Ú©Ø§ Ù…ÙˆØ¨Ø§Ø¦Ù„ ÛÛ’ Ø§ÙˆØ± Ø¨ÛØª ÛÛŒ Ú©Ø§Ù… Ù‚ÛŒÙ…Øª Ù…ÛŒÚº'}","{'UID': 15, 'Review_ID': 3, 'Name': 'M J.', 'Rating': 5, 'Text': 'I like the product its non active device and nicely company packed. I Always order from your store. ğŸ‘ thanks i received samecolor as i want'}",,,,,,,
,,,,,,"{'UID': 15, 'Review_ID': 4, 'Name': 'M J.', 'Rating': 5, 'Text': 'I like the product its non active device and nicely company packed. I Always order from your store. ğŸ‘ thanks i received samecolor as i want'}","{'UID': 15, 'Review_ID': 5, 'Name': '3***8', 'Rating': 5, 'Text': 'Ø¨ÛØª ÛÛŒ Ø§Ú†Ú¾Ø§ Ù…ÙˆØ¨Ø§Ø¦Ù„ ÛÛ’ Ø§ÙˆØ± Ø¨ÛØª Ù¾ÛŒØ§Ø±ÛŒ Ù¾ÛŒÚ©Ù†Ú¯ ÛÛ’ Ø¨ÛŒØ³Ù¹ Ú©ÙˆØ§Ù„Ù¹ÛŒ Ú©Ø§ Ù…ÙˆØ¨Ø§Ø¦Ù„ ÛÛ’ Ø§ÙˆØ± Ø¨ÛØª ÛÛŒ Ú©Ø§Ù… Ù‚ÛŒÙ…Øª Ù…ÛŒÚº'}","{'UID': 15, 'Review_ID': 6, 'Name': 'Muhammad A.', 'Rating': 5, 'Text': ""Product was delivered within two days, Alhamdolillah I received the same phone as they promised. I was worried about the delivery of the product but the seller was very cooperative. Thankyou again. I am unable to share my phone's pictures because i captured them from my old phone, and unfortunately its battery is dead, (the reason i bought this phone). I would definitely recommend people to buy from AlhamdoLillah Traders Co. They are trusted ğŸ˜ƒ, From: Dera Ismail Khan.""}",,,,,,,
,,,,,,"{'UID': 16, 'Review_ID': 1, 'Name': 'Syyeda Q.', 'Rating': 5, 'Text': 'Zabrdast mobile hy. Original packing k sath. Markeet me final 39000 ka mil raha tha. Daraz se 36500 ka mila hy. Thnkew daraz'}","{'UID': 16, 'Review_ID': 2, 'Name': 'zahid I.', 'Rating': 5, 'Text': 'Thanks Daraz. Original device in a low price and deliver safely on time. Keep it up'}","{'UID': 16, 'Review_ID': 3, 'Name': 'Saima A.', 'Rating': 5, 'Text': 'best mobile good and save and fast delivery on time.. thank you selar thank you daraz'}",,,,,,,
,,,,,,"{'UID': 16, 'Review_ID': 4, 'Name': 'No O.', 'Rating': 5, 'Text': 'buht hi Acha experience raha. Market se buht hi discounted price pr buy kiya and also delivered within one day. Happy with purchaseğŸ˜Š'}","{'UID': 16, 'Review_ID': 5, 'Name': 'Qamber A.', 'Rating': 5, 'Text': ""It was worth it! The mobile phone is original and really good in performance and it is really recommended. The only thing missing is that we didn't get any warranty card in the box.""}","{'UID': 16, 'Review_ID': 6, 'Name': '0***4', 'Rating': 5, 'Text': 'product is made in Pakistan however it is of good quality'}",,,,,,,
,,,,,,"{'UID': 17, 'Review_ID': 1, 'Name': 'Abdul G.', 'Rating': 4, 'Text': 'Assalam u Alaikum Received before due date original product,packing was a little poor , but seller is coprative.It was my first purchase on installment happy to get it on 0% Mark up'}","{'UID': 17, 'Review_ID': 2, 'Name': 'S***n', 'Rating': 5, 'Text': 'The seller was very cooperative and delivered the phone in just 3 days upon my request. The phone is just perfect and everything what I was looking for.'}","{'UID': 17, 'Review_ID': 3, 'Name': '*******686', 'Rating': 5, 'Text': 'Same as described.. Amazing Packing and received just in 2 days.. Highly recommend'}",,,,,,,
,,,,,,"{'UID': 17, 'Review_ID': 4, 'Name': 'S***n', 'Rating': 5, 'Text': 'The seller was very cooperative and delivered the phone in just 3 days upon my request. The phone is just perfect and everything what I was looking for.'}","{'UID': 17, 'Review_ID': 5, 'Name': '3***9', 'Rating': 5, 'Text': 'Masha Allah Jo select kia tha wohi same received Huwa hai aur bohat fast delivery hui hai thanks seller ğŸ‘'}","{'UID': 17, 'Review_ID': 6, 'Name': 'Abeel J.', 'Rating': 5, 'Text': 'Received within two days same as shown in advertisement.'}",,,,,,,
,,,,,,"{'UID': 18, 'Review_ID': 1, 'Name': 'Shahid B.', 'Rating': 5, 'Text': 'mobile bahot acha hai. 8 gb ram h aor rom 128 gb hain. software normal lag ra h. camera theek h. overall ais price m zabardast chiz h. saller bahot acha bnda h. main nay usy msg kr kr bht tang kya ğŸ˜‚ lkn saller nay mjhy hr bar reply di. thank you Daraz and thank you saller'}","{'UID': 18, 'Review_ID': 2, 'Name': 'Ahmad N.', 'Rating': 5, 'Text': 'It is the best product and the original as I have advertised, I have got no two opinions, you also order you will like daraz and service is also good and the thing is also cute and has come with absolutely good Awesome products and original Spark phone with box and charger and warranty crad thank you daraz'}","{'UID': 18, 'Review_ID': 3, 'Name': '3***8', 'Rating': 5, 'Text': 'slam or thanks daraz bhot hi service ha 1din phly hi parsl rcve ho gay ha save packing Kay shat bhot hi ache device ha 2din use kry KY bad bhe koi isu ni Aya again thanks daraz'}",,,,,,,
,,,,,,"{'UID': 18, 'Review_ID': 4, 'Name': 'imtiaz', 'Rating': 5, 'Text': 'seller ko 11 november order dia tha aor 13 november ke 4 baje order book kia tha. delivery to time se agai lekin kafi jaldi thi mobile ki.is waja se seller ko jaldi krni chahye thi. over all experience was good achi chez bheji. koi gift bhejte to kafi acha lagta but no way thnx alot.'}","{'UID': 18, 'Review_ID': 5, 'Name': 'ali H.', 'Rating': 5, 'Text': 'zabrdast amazing ğŸ˜ğŸ˜ğŸ˜ğŸ˜ğŸ˜ thank you so much for this owesome mobile bht hi Alla saller is very coprative yeh bnda waky hlal kma rha hai ğŸŒ¹ğŸŒ¹ğŸŒ¹ğŸŒ¹ğŸŒ¹â¤ï¸â¤ï¸â¤ï¸â¤ï¸â¤ï¸â¤ï¸â¤ï¸â¤ï¸â¤ï¸â¤ï¸â¤ï¸ğŸ˜ğŸ˜ğŸ˜ğŸ˜ğŸ˜ğŸ˜ğŸ˜ğŸ˜ğŸ˜ğŸ˜ğŸ˜ğŸ˜ğŸ˜ğŸ˜ğŸ˜'}","{'UID': 18, 'Review_ID': 6, 'Name': 'M A.', 'Rating': 5, 'Text': 'I am satisfied with the product n recommended'}",,,,,,,
,,,,,,"{'UID': 19, 'Review_ID': 1, 'Name': 'Muneeb R.', 'Rating': 5, 'Text': 'UNBEATABLE PRICE BY SELLER VERY CO OPERATIVE SELLER BUT VERY LATE ANSWERING . OVERALL 10/10 THANK YOU TO DARAZ PLATFORM'}","{'UID': 19, 'Review_ID': 2, 'Name': 'Aziz U.', 'Rating': 5, 'Text': 'Product is original and as per details given. Delivered well before the committed time. Good presentable packaging, delivery is safe and sound.recommended the saller.'}","{'UID': 19, 'Review_ID': 3, 'Name': 'M. N.', 'Rating': 5, 'Text': 'this phone is awesome in this price. specs are absolutely fantastic as compared to market. price is very reasonable and I got extra discount from my bank card so I can say I got this phone cheaper than market. very lightweight and speed is very good I am happy to buy this. #11.11'}",,,,,,,
,,,,,,"{'UID': 19, 'Review_ID': 4, 'Name': 'Aziz U.', 'Rating': 5, 'Text': 'Product is original and as per details given. Delivered well before the committed time. Good presentable packaging, delivery is safe and sound.recommended the saller.'}","{'UID': 19, 'Review_ID': 5, 'Name': 'Muneeb R.', 'Rating': 5, 'Text': 'UNBEATABLE PRICE BY SELLER VERY CO OPERATIVE SELLER BUT VERY LATE ANSWERING . OVERALL 10/10 THANK YOU TO DARAZ PLATFORM'}","{'UID': 19, 'Review_ID': 6, 'Name': 'Uxman Z.', 'Rating': 5, 'Text': 'Very Good seller at daraz store.i am satisfied with this order and recommend this seller. very Good and fast mobile thanks daraz.'}",,,,,,,
,,,,,,"{'UID': 20, 'Review_ID': 1, 'Name': 'Muhammad A.', 'Rating': 5, 'Text': 'Excellent product, genuine and original product, PTA approved. No Patched mobile. Seller sounds a very professional and committed in such deals. strongly recommended and feel free to buy this product. Thank you Daraz and Grateful to you Dear Seller...'}","{'UID': 20, 'Review_ID': 2, 'Name': 'Asif M.', 'Rating': 5, 'Text': '#11.11 received as per specs mentioned. highly recommended.'}","{'UID': 20, 'Review_ID': 3, 'Name': 'Shaan U.', 'Rating': 5, 'Text': 'Box was sealed and came with all accessories. The seller is recommended for geniune product.'}",,,,,,,
,,,,,,"{'UID': 20, 'Review_ID': 4, 'Name': '3***6', 'Rating': 5, 'Text': 'excellent device delivered before time 100% seller recommended.'}","{'UID': 20, 'Review_ID': 5, 'Name': '3***0', 'Rating': 5, 'Text': 'very beautiful thanks shop tech love you set was pin pack'}","{'UID': 20, 'Review_ID': 6, 'Name': 'Asif M.', 'Rating': 5, 'Text': '#11.11 received as per specs mentioned. highly recommended.'}",,,,,,,
,,,,,,"{'UID': 21, 'Review_ID': 1, 'Name': 'Raz M.', 'Rating': 5, 'Text': 'Mashallah 11.11 Sale Received safe packed PTA approved Dilivered in time response excellent Great Quality Satisfied original item received thanks seller and Daraz ğŸ‘ğŸ‘ğŸ˜ğŸ˜Š'}","{'UID': 21, 'Review_ID': 2, 'Name': 'Muhammad Y.', 'Rating': 5, 'Text': 'Quality is good. Original product. Non activated'}","{'UID': 21, 'Review_ID': 3, 'Name': 'AC R.', 'Rating': 5, 'Text': '# 11.11 brand new. pin packed. good quality. got in 20000/- only. made in Pakistan. Seller Recommended.'}",,,,,,,
,,,,,,"{'UID': 21, 'Review_ID': 4, 'Name': 'AC R.', 'Rating': 5, 'Text': '# 11.11 brand new. pin packed. good quality. got in 20000/- only. made in Pakistan. Seller Recommended.'}","{'UID': 21, 'Review_ID': 5, 'Name': 'z***4', 'Rating': 5, 'Text': 'i loved the phone, its orignal n sealed brand new phone. Thank you seller.'}","{'UID': 21, 'Review_ID': 6, 'Name': 'Muhammad T.', 'Rating': 5, 'Text': 'excellent phone at a very cheap price on 11.11 sale HBL deal.'}",,,,,,,
